{"cameraMode":{"drawMode":0,"name":"Shaded","section":"Shading Mode"},"sceneLighting":false,"audioPlay":false,"sceneViewState":{"m_AlwaysRefresh":false,"showFog":true,"showSkybox":false,"showFlares":true,"showImageEffects":true,"showParticleSystems":true,"showVisualEffectGraphs":true,"m_FxEnabled":true},"in2DMode":false,"pivot":{"x":0.014509133994579316,"y":0.9828591346740723,"z":-0.017800606787204744},"rotation":{"x":0.13831447064876557,"y":0.32000261545181277,"z":-0.04728231951594353,"w":0.9360779523849487},"size":0.1767766922712326,"orthographic":false}