{"cameraMode":{"drawMode":0,"name":"Shaded","section":"Shading Mode"},"sceneLighting":false,"audioPlay":false,"sceneViewState":{"m_AlwaysRefresh":false,"showFog":true,"showSkybox":false,"showFlares":true,"showImageEffects":true,"showParticleSystems":true,"showVisualEffectGraphs":true,"m_FxEnabled":true},"in2DMode":false,"pivot":{"x":0.0037326812744140627,"y":0.06902986764907837,"z":-0.01577705144882202},"rotation":{"x":-0.2263718843460083,"y":0.7174155712127686,"z":-0.2702908217906952,"w":-0.600843608379364},"size":1.0455491542816163,"orthographic":false}